{"feature_range": [0, 1], "min_": [0.0, 0.0, 0.0, 0.0, 0.0, 0.9998694418967482, 0.9899941636356719, 0.0, 0.0, 0.0, 0.0, 0.0, 0.0, 0.0, 0.0, 0.0, 0.0, 0.0, 0.0, 0.0, 0.0, 0.0, 0.0, 0.0, 0.0, 0.0, 1.52587890625e-05, 1.52587890625e-05, 0.0, 0.0, 0.0, 0.0, 0.0, 0.0, 0.0], "scale_": [1.5259254737998596e-05, 0.058823529411764705, 0.00011723311977595652, 0.0007309941520467836, 1.4124293785310734e-09, 1.087984193765633e-12, 8.338196970273305e-11, 8.333333333333334e-09, 1.180637544273908e-08, 8.333333333333334e-09, 8.333333333333334e-09, 1.0, 1.0, 2.5e-07, 5e-07, 0.0008116883116883117, 0.0001696329095796127, 2.8775322283609578e-08, 1.0, 1.0, 1.0, 1.0, 1.0, 0.003745318352059925, 0.0004226828805177865, 9.901021958734026e-09, 1.52587890625e-05, 1.52587890625e-05, 3.2296820700970197e-06, 0.020833333333333332, 1.337105611340196e-08, 8.771929824561404e-09, 8.771929824561404e-09, 1.0206362442219231e-12, 7.934618741569467e-11], "data_min_": [0.0, 0.0, 0.0, 0.0, 0.0, -919011000000.0, -11873000448.0, 0.0, 0.0, 0.0, 0.0, 0.0, 0.0, 0.0, 0.0, 0.0, 0.0, 0.0, 0.0, 0.0, 0.0, 0.0, 0.0, 0.0, 0.0, 0.0, -1.0, -1.0, 0.0, 0.0, 0.0, 0.0, 0.0, 0.0, 0.0], "data_max_": [65534.0, 17.0, 8530.0126953125, 1368.0, 708000000.0, 120000000.0, 120000000.0, 120000000.0, 84700000.0, 120000000.0, 120000000.0, 1.0, 1.0, 4000000.0, 2000000.0, 1232.0, 5895.08251953125, 34752000.0, 1.0, 1.0, 1.0, 1.0, 1.0, 267.0, 2365.83984375, 100999675.0, 65535.0, 65535.0, 309628.0, 48.0, 74788408.0, 114000000.0, 114000000.0, 979781000000.0, 12603000000.0], "data_range_": [65534.0, 17.0, 8530.0126953125, 1368.0, 708000000.0, 919131000000.0, 11993000448.0, 120000000.0, 84700000.0, 120000000.0, 120000000.0, 1.0, 1.0, 4000000.0, 2000000.0, 1232.0, 5895.08251953125, 34752000.0, 1.0, 1.0, 1.0, 1.0, 1.0, 267.0, 2365.83984375, 100999675.0, 65536.0, 65536.0, 309628.0, 48.0, 74788408.0, 114000000.0, 114000000.0, 979781000000.0, 12603000000.0], "n_features_in_": 35}